{"accuracy": [0.6064727306365967, 0.8637883067131042, 0.916765034198761, 0.942997395992279, 0.9572373628616333, 0.9675083756446838, 0.9730279445648193, 0.9761291742324829, 0.9813358187675476, 0.9824738502502441], "loss": [1.3324189186096191, 0.43679216504096985, 0.25752097368240356, 0.17671217024326324, 0.13043417036533356, 0.09841607511043549, 0.08212234824895859, 0.07501821964979172, 0.05964737385511398, 0.05454084649682045], "val_accuracy": [0.8372410535812378, 0.9108809232711792, 0.925449550151825, 0.9472455978393555, 0.9561233520507812, 0.9636353254318237, 0.9628385901451111, 0.9551559090614319, 0.9650580286979675, 0.9529933929443359], "val_loss": [0.518592894077301, 0.2703016400337219, 0.23519961535930634, 0.15893934667110443, 0.13901804387569427, 0.11596865952014923, 0.13236503303050995, 0.15762583911418915, 0.11266683787107468, 0.15412494540214539]}